age,VAI,hdl_c,abdominal,BMI,alt_ast,alt,Gtg,NAFLD
54.0,1.582195367,1.13,97.0,28.96,1.235294118,21.0,0.0,1.0
38.0,0.550250091,1.47,78.0,20.76,0.470588235,8.0,0.0,0.0
42.0,1.374860816,1.57,81.0,23.12,1.903225806,59.0,0.0,1.0
49.0,2.857985375,1.43,93.0,27.64,0.529411765,9.0,1.0,1.0
36.0,3.037148171,1.15,91.0,25.25,1.210526316,23.0,1.0,1.0
33.0,1.090579445,1.43,80.0,22.41,0.8125,13.0,0.0,0.0
33.0,1.80034324,1.17,97.0,26.87,1.666666667,25.0,0.0,1.0
45.0,2.066412195,0.72,93.5,26.51,1.5,30.0,0.0,0.0
54.0,0.390843589,1.88,79.0,25.48,0.5,11.0,0.0,0.0
35.0,0.928051023,1.42,75.0,20.2,0.578947368,11.0,0.0,0.0
53.0,1.116166374,1.6,93.0,27.43,1.227272727,27.0,0.0,1.0
41.0,2.242281935,1.3,89.5,22.49,0.8125,13.0,0.0,0.0
35.0,0.882576269,1.53,84.0,23.88,0.823529412,14.0,0.0,0.0
30.0,0.965577505,1.29,74.0,20.82,0.823529412,14.0,0.0,0.0
58.0,0.58415385,1.38,92.0,25.99,0.846153846,11.0,0.0,0.0
36.0,1.040832284,1.0,84.0,23.62,0.823529412,14.0,0.0,0.0
53.0,3.115932242,0.99,84.0,25.31,1.238095238,26.0,1.0,1.0
32.0,3.095159759,1.23,100.0,29.97,2.0625,99.0,1.0,1.0
54.0,1.547988949,1.32,90.0,26.44,1.388888889,25.0,0.0,1.0
38.0,0.876322369,1.36,102.0,32.74,2.534883721,109.0,0.0,1.0
40.0,1.125867742,1.5,81.0,21.6,0.571428571,12.0,0.0,0.0
35.0,0.889938484,1.05,105.5,28.07,1.208333333,29.0,0.0,0.0
40.0,1.643991795,0.96,94.0,27.76,1.105263158,21.0,0.0,1.0
34.0,3.16050176,0.82,97.0,26.75,0.9,18.0,1.0,0.0
55.0,3.84626953,1.09,87.0,24.61,1.148148148,31.0,1.0,1.0
47.0,2.895182057,0.97,89.0,24.73,1.222222222,22.0,1.0,1.0
32.0,0.735924012,1.43,93.5,24.33,0.913043478,21.0,0.0,1.0
37.0,4.788472385,1.11,106.0,28.4,2.0,50.0,1.0,1.0
30.0,3.197530497,1.15,100.0,27.16,1.272727273,28.0,1.0,1.0
36.0,0.880401334,1.43,91.5,27.55,0.842105263,16.0,0.0,0.0
52.0,2.362152828,1.09,92.5,27.73,0.875,14.0,0.0,1.0
25.0,1.553962077,0.92,98.0,28.05,1.857142857,39.0,0.0,1.0
33.0,0.710861182,2.17,74.0,19.49,1.0,23.0,0.0,0.0
32.0,1.107769403,1.34,76.0,21.45,0.705882353,12.0,0.0,0.0
42.0,4.456704034,1.05,109.0,31.21,1.580645161,49.0,1.0,1.0
32.0,4.435940731,0.81,101.0,27.47,1.227272727,27.0,1.0,0.0
28.0,2.394805164,1.07,99.0,27.77,1.44,36.0,1.0,1.0
44.0,2.131470052,1.56,85.0,24.01,1.413793103,41.0,0.0,1.0
34.0,1.747571694,1.42,89.0,23.78,1.294117647,22.0,1.0,1.0
30.0,0.915446715,1.82,86.0,23.94,1.357142857,38.0,0.0,1.0
47.0,8.66342392,0.97,99.0,27.43,1.095238095,23.0,1.0,1.0
34.0,1.44413465,1.34,88.0,25.04,1.565217391,36.0,0.0,0.0
31.0,2.019849686,0.95,98.0,30.72,1.384615385,18.0,0.0,0.0
28.0,2.596173118,1.35,104.5,31.51,1.307692308,17.0,1.0,1.0
39.0,3.156322774,1.01,89.0,23.78,1.607142857,45.0,1.0,1.0
54.0,0.944121498,1.54,77.0,19.57,0.636363636,7.0,0.0,0.0
28.0,0.426623877,2.08,75.0,19.49,0.6,9.0,0.0,0.0
35.0,3.28726681,0.64,100.0,30.47,0.611111111,11.0,0.0,0.0
63.0,3.703155631,1.48,92.0,25.22,1.653846154,43.0,1.0,1.0
40.0,3.174373861,1.14,102.0,28.09,1.785714286,50.0,1.0,1.0
31.0,0.512870782,1.91,70.5,19.81,0.958333333,23.0,0.0,0.0
35.0,2.985344012,1.26,103.5,28.91,1.307692308,34.0,1.0,0.0
24.0,0.651631163,1.1,88.0,25.14,0.952380952,20.0,0.0,0.0
48.0,1.190652143,1.19,104.5,30.04,2.591836735,127.0,0.0,1.0
30.0,0.7491627,1.06,71.0,20.03,0.529411765,9.0,0.0,0.0
25.0,2.219876025,1.26,101.0,32.83,2.0,42.0,1.0,1.0
32.0,0.627303029,1.8,79.5,21.89,0.642857143,9.0,0.0,0.0
45.0,2.327391179,1.44,101.5,35.34,1.148148148,31.0,1.0,1.0
43.0,6.026975595,0.84,98.0,27.74,1.166666667,21.0,1.0,1.0
28.0,0.792598829,1.37,75.0,19.36,1.0625,17.0,0.0,0.0
29.0,1.451198396,1.29,90.0,24.68,2.272727273,50.0,0.0,1.0
64.0,1.084975351,1.89,92.0,24.3,0.611111111,11.0,0.0,0.0
40.0,1.330866485,1.75,87.5,26.9,1.115384615,29.0,0.0,0.0
30.0,0.384561117,1.63,90.0,27.46,0.875,21.0,0.0,0.0
29.0,1.512213101,1.28,91.0,25.39,1.555555556,28.0,0.0,1.0
27.0,1.122751619,1.1,112.0,30.61,0.857142857,12.0,0.0,0.0
32.0,2.241757928,1.4,92.0,26.29,1.65,33.0,1.0,1.0
28.0,1.488369751,1.51,84.0,22.89,1.0,22.0,1.0,0.0
34.0,1.208002416,1.27,89.0,24.28,1.260869565,29.0,0.0,0.0
33.0,1.097180489,1.56,79.5,23.34,0.823529412,14.0,0.0,0.0
